{"cameraMode":{"drawMode":0,"name":"Shaded","section":"Shading Mode"},"sceneLighting":false,"audioPlay":false,"sceneViewState":{"m_AlwaysRefresh":false,"showFog":true,"showSkybox":false,"showFlares":true,"showImageEffects":true,"showParticleSystems":true,"showVisualEffectGraphs":true,"m_FxEnabled":true},"in2DMode":false,"pivot":{"x":-0.7179771661758423,"y":10.306373596191407,"z":-0.16048139333724976},"rotation":{"x":0.014308664947748185,"y":-0.9684858322143555,"z":-0.058860208839178088,"w":-0.2419915348291397},"size":22.865262985229493,"orthographic":true}