{"cameraMode":{"drawMode":0,"name":"Shaded","section":"Shading Mode"},"sceneLighting":false,"audioPlay":false,"sceneViewState":{"m_AlwaysRefresh":false,"showFog":true,"showSkybox":false,"showFlares":true,"showImageEffects":true,"showParticleSystems":true,"showVisualEffectGraphs":true,"m_FxEnabled":true},"in2DMode":false,"pivot":{"x":-0.31999439001083376,"y":-0.7477312088012695,"z":0.771766185760498},"rotation":{"x":0.016222873702645303,"y":0.9787072539329529,"z":0.08536335825920105,"w":-0.18599854409694673},"size":0.40334460139274599,"orthographic":true}