{"cameraMode":{"drawMode":0,"name":"Shaded","section":"Shading Mode"},"sceneLighting":false,"audioPlay":false,"sceneViewState":{"m_AlwaysRefresh":false,"showFog":true,"showSkybox":false,"showFlares":true,"showImageEffects":true,"showParticleSystems":true,"showVisualEffectGraphs":true,"m_FxEnabled":true},"in2DMode":false,"pivot":{"x":0.1729000061750412,"y":0.0059999991208314899,"z":0.37119993567466738},"rotation":{"x":-0.20541077852249146,"y":0.4264693856239319,"z":-0.09982100129127503,"w":-0.875289797782898},"size":3.4009299278259279,"orthographic":true}