{"cameraMode":{"drawMode":0,"name":"Shaded","section":"Shading Mode"},"sceneLighting":false,"audioPlay":false,"sceneViewState":{"m_AlwaysRefresh":false,"showFog":true,"showSkybox":false,"showFlares":true,"showImageEffects":true,"showParticleSystems":true,"showVisualEffectGraphs":true,"m_FxEnabled":true},"in2DMode":false,"pivot":{"x":-0.7893503308296204,"y":8.102389335632325,"z":-5.0062408447265629},"rotation":{"x":-0.010457945987582207,"y":0.9767288565635681,"z":-0.20907683670520783,"w":-0.04678210988640785},"size":3.134899854660034,"orthographic":false}