{"cameraMode":{"drawMode":0,"name":"Shaded","section":"Shading Mode"},"sceneLighting":false,"audioPlay":false,"sceneViewState":{"m_AlwaysRefresh":false,"showFog":true,"showSkybox":false,"showFlares":true,"showImageEffects":true,"showParticleSystems":true,"showVisualEffectGraphs":true,"m_FxEnabled":true},"in2DMode":false,"pivot":{"x":7.55690860748291,"y":10.342052459716797,"z":9.578907012939454},"rotation":{"x":0.04254681617021561,"y":0.171186164021492,"z":-0.0074150352738797668,"w":0.9843137860298157},"size":15.805485725402832,"orthographic":true}