{"cameraMode":{"drawMode":0,"name":"Shaded","section":"Shading Mode"},"sceneLighting":false,"audioPlay":false,"sceneViewState":{"m_AlwaysRefresh":false,"showFog":true,"showSkybox":false,"showFlares":true,"showImageEffects":true,"showParticleSystems":true,"showVisualEffectGraphs":true,"m_FxEnabled":true},"in2DMode":false,"pivot":{"x":-5.374869346618652,"y":14.617697715759278,"z":1.1024601459503174},"rotation":{"x":0.11180508136749268,"y":-0.2686895430088043,"z":0.03142189607024193,"w":0.9562422037124634},"size":17.161937713623048,"orthographic":true}