{"cameraMode":{"drawMode":0,"name":"Shaded","section":"Shading Mode"},"sceneLighting":false,"audioPlay":false,"sceneViewState":{"m_AlwaysRefresh":false,"showFog":true,"showSkybox":false,"showFlares":true,"showImageEffects":true,"showParticleSystems":true,"showVisualEffectGraphs":true,"m_FxEnabled":true},"in2DMode":false,"pivot":{"x":0.17781221866607667,"y":-0.8769867420196533,"z":3.396170139312744},"rotation":{"x":-0.09036146849393845,"y":-0.8787186145782471,"z":-0.43099403381347659,"w":0.1842639446258545},"size":0.40982910990715029,"orthographic":false}