{"cameraMode":{"drawMode":0,"name":"Shaded","section":"Shading Mode"},"sceneLighting":false,"audioPlay":false,"sceneViewState":{"m_AlwaysRefresh":false,"showFog":true,"showSkybox":false,"showFlares":true,"showImageEffects":true,"showParticleSystems":true,"showVisualEffectGraphs":true,"m_FxEnabled":true},"in2DMode":false,"pivot":{"x":-5.948592185974121,"y":0.24981281161308289,"z":-0.676001250743866},"rotation":{"x":-0.0000681258097756654,"y":0.9494372606277466,"z":0.0002921654668170959,"w":0.3140808641910553},"size":1.3316195011138917,"orthographic":false}