{"cameraMode":{"drawMode":0,"name":"Shaded","section":"Shading Mode"},"sceneLighting":false,"audioPlay":false,"sceneViewState":{"m_AlwaysRefresh":false,"showFog":true,"showSkybox":false,"showFlares":true,"showImageEffects":true,"showParticleSystems":true,"showVisualEffectGraphs":true,"m_FxEnabled":true},"in2DMode":false,"pivot":{"x":0.7120758295059204,"y":0.06899984180927277,"z":-0.34531527757644656},"rotation":{"x":-0.004872122313827276,"y":-0.898742139339447,"z":-0.009979675523936749,"w":0.4384426176548004},"size":0.9459133744239807,"orthographic":true}