{"cameraMode":{"drawMode":0,"name":"Shaded","section":"Shading Mode"},"sceneLighting":false,"audioPlay":false,"sceneViewState":{"m_AlwaysRefresh":false,"showFog":true,"showSkybox":false,"showFlares":true,"showImageEffects":true,"showParticleSystems":true,"showVisualEffectGraphs":true,"m_FxEnabled":true},"in2DMode":false,"pivot":{"x":1159.8275146484375,"y":2.06420636177063,"z":-477.40191650390627},"rotation":{"x":-0.035683948546648028,"y":-0.9013671278953552,"z":0.42480552196502688,"w":-0.07627575099468231},"size":18.392663955688478,"orthographic":false}